[{"ID": "3e9fd20e-b81c-4698-a7c2-0559e10361fa","BIRTHDATE": "1979-08-24","DEATHDATE": "","SSN": "999-46-5746","DRIVERS": "S99951588","PASSPORT": "X43863756X","PREFIX": "Mrs.","FIRST": "Norah104","LAST": "Stamm704","SUFFIX": "","MAIDEN": "Hagenes547","MARITAL": "M","RACE": "white","ETHNICITY": "french","GENDER": "F","BIRTHPLACE": "Hanover  Massachusetts  US","ADDRESS": "678 Trantow Overpass","CITY": "New Bedford","STATE": "Massachusetts","ZIP": "02740"},{"ID": "71917638-8142-42da-87f1-fa0ba642f161","BIRTHDATE": "1989-10-21","DEATHDATE": "","SSN": "999-95-8365","DRIVERS": "S99995552","PASSPORT": "X3761822X","PREFIX": "Mr.","FIRST": "Eloy929","LAST": "Dickinson688","SUFFIX": "","MAIDEN": "","MARITAL": "M","RACE": "white","ETHNICITY": "english","GENDER": "M","BIRTHPLACE": "Dover  Massachusetts  US","ADDRESS": "431 Armstrong Forge","CITY": "Upton","STATE": "Massachusetts","ZIP": "01568"},{"ID": "ecd13907-7903-4886-a7f5-f6e687c758c4","BIRTHDATE": "2004-10-11","DEATHDATE": "","SSN": "999-57-6519","DRIVERS": "","PASSPORT": "","PREFIX": "","FIRST": "Galina98","LAST": "Murray856","SUFFIX": "","MAIDEN": "","MARITAL": "","RACE": "white","ETHNICITY": "irish","GENDER": "F","BIRTHPLACE": "Barnstable Town  Massachusetts  US","ADDRESS": "779 Ledner Road Suite 24","CITY": "Quincy","STATE": "Massachusetts","ZIP": "02169"},{"ID": "a1dfeccd-86e4-473b-a4ab-bd613db0dc2f","BIRTHDATE": "1981-02-05","DEATHDATE": "","SSN": "999-96-3731","DRIVERS": "S99930729","PASSPORT": "X83502942X","PREFIX": "Mrs.","FIRST": "Franchesca574","LAST": "Kuhic920","SUFFIX": "","MAIDEN": "Goodwin327","MARITAL": "M","RACE": "white","ETHNICITY": "italian","GENDER": "F","BIRTHPLACE": "Worcester  Massachusetts  US","ADDRESS": "619 Stiedemann Rue Unit 49","CITY": "Grafton","STATE": "Massachusetts","ZIP": "01519"},{"ID": "af1ee647-2278-4d36-8637-a1d043813116","BIRTHDATE": "1971-08-21","DEATHDATE": "","SSN": "999-96-3303","DRIVERS": "S99995087","PASSPORT": "X43449132X","PREFIX": "Mrs.","FIRST": "Rosanna866","LAST": "Hudson301","SUFFIX": "","MAIDEN": "Blick895","MARITAL": "M","RACE": "white","ETHNICITY": "italian","GENDER": "F","BIRTHPLACE": "Quincy  Massachusetts  US","ADDRESS": "812 Donnelly Alley Apt 72","CITY": "Westborough","STATE": "Massachusetts","ZIP": "01581"},{"ID": "0321643e-675d-42df-b7b7-a994edf99d60","BIRTHDATE": "2011-08-23","DEATHDATE": "","SSN": "999-50-3413","DRIVERS": "","PASSPORT": "","PREFIX": "","FIRST": "Marguerite497","LAST": "Kunde533","SUFFIX": "","MAIDEN": "","MARITAL": "","RACE": "white","ETHNICITY": "italian","GENDER": "F","BIRTHPLACE": "Brockton  Massachusetts  US","ADDRESS": "474 Russel Parade","CITY": "Shrewsbury","STATE": "Massachusetts","ZIP": "01545"},{"ID": "7a739bbe-76be-4327-8234-56b5d46dd38a","BIRTHDATE": "1988-06-15","DEATHDATE": "","SSN": "999-40-7959","DRIVERS": "S99973537","PASSPORT": "X25668173X","PREFIX": "Mrs.","FIRST": "Francisca486","LAST": "Gerlach374","SUFFIX": "","MAIDEN": "Kulas532","MARITAL": "M","RACE": "white","ETHNICITY": "french","GENDER": "F","BIRTHPLACE": "Freetown  Massachusetts  US","ADDRESS": "233 Will Run","CITY": "Ashland","STATE": "Massachusetts","ZIP": "01721"},{"ID": "1eb30352-5aba-4fee-9bd2-4487efe0237f","BIRTHDATE": "1977-12-03","DEATHDATE": "","SSN": "999-23-2701","DRIVERS": "S99926742","PASSPORT": "X36865919X","PREFIX": "Mrs.","FIRST": "Delinda651","LAST": "Leuschke194","SUFFIX": "","MAIDEN": "Lowe577","MARITAL": "M","RACE": "white","ETHNICITY": "french_canadian","GENDER": "F","BIRTHPLACE": "Berlin  Massachusetts  US","ADDRESS": "727 Mills Common","CITY": "Middleborough","STATE": "Massachusetts","ZIP": "02346"},{"ID": "224ee73f-e6ee-497f-908b-937971ed4f5d","BIRTHDATE": "1983-05-07","DEATHDATE": "","SSN": "999-36-2962","DRIVERS": "S99993353","PASSPORT": "X40513715X","PREFIX": "Mrs.","FIRST": "Lucile200","LAST": "Kassulke119","SUFFIX": "","MAIDEN": "Denesik803","MARITAL": "M","RACE": "asian","ETHNICITY": "chinese","GENDER": "F","BIRTHPLACE": "Hong Kong  Hong Kong Special Administrative Region  CN","ADDRESS": "963 Kovacek Manor","CITY": "Acton","STATE": "Massachusetts","ZIP": "01720"},{"ID": "7abcf886-1e35-4d51-8194-ac3a60151a3c","BIRTHDATE": "1969-01-05","DEATHDATE": "2008-01-08","SSN": "999-16-1417","DRIVERS": "S99950218","PASSPORT": "X15834921X","PREFIX": "Mrs.","FIRST": "Odelia236","LAST": "Rodriguez71","SUFFIX": "","MAIDEN": "Legros616","MARITAL": "M","RACE": "white","ETHNICITY": "irish","GENDER": "F","BIRTHPLACE": "Newton  Massachusetts  US","ADDRESS": "662 Grady Wynd Apt 10","CITY": "Amesbury Town","STATE": "Massachusetts","ZIP": "01913"},{"ID": "8d2d7a32-cca3-4160-bca8-1a9a1fda87cb","BIRTHDATE": "1971-11-30","DEATHDATE": "","SSN": "999-54-6217","DRIVERS": "S99960663","PASSPORT": "X45813664X","PREFIX": "Mr.","FIRST": "John539","LAST": "Funk324","SUFFIX": "","MAIDEN": "","MARITAL": "M","RACE": "asian","ETHNICITY": "chinese","GENDER": "M","BIRTHPLACE": "Macau  Macao Special Administrative Region of the People's Republic of China  CN","ADDRESS": "881 Ferry Bypass","CITY": "Rockland","STATE": "Massachusetts","ZIP": "02370"},{"ID": "3f620118-1054-412a-8feb-1b10f01fa61c","BIRTHDATE": "1979-03-31","DEATHDATE": "","SSN": "999-77-5967","DRIVERS": "S99960152","PASSPORT": "X25830373X","PREFIX": "Mr.","FIRST": "Brad867","LAST": "Anderson154","SUFFIX": "","MAIDEN": "","MARITAL": "M","RACE": "white","ETHNICITY": "irish","GENDER": "M","BIRTHPLACE": "Williamstown  Massachusetts  US","ADDRESS": "504 Yundt Meadow Suite 79","CITY": "Cambridge","STATE": "Massachusetts","ZIP": "02138"},{"ID": "30040a13-4e26-419e-acd2-0164a3e02a18","BIRTHDATE": "1969-12-30","DEATHDATE": "","SSN": "999-26-3372","DRIVERS": "S99944836","PASSPORT": "X41240732X","PREFIX": "Mrs.","FIRST": "Marilu588","LAST": "Domínquez36","SUFFIX": "","MAIDEN": "Cardona494","MARITAL": "M","RACE": "black","ETHNICITY": "west_indian","GENDER": "F","BIRTHPLACE": "Santo Domingo  National District  DO","ADDRESS": "771 O'Conner Common","CITY": "Holyoke","STATE": "Massachusetts","ZIP": "01040"},{"ID": "e8f86eb9-d5d8-4836-8467-3df2f4ef1b95","BIRTHDATE": "1988-05-07","DEATHDATE": "","SSN": "999-29-5418","DRIVERS": "S99964020","PASSPORT": "X38938973X","PREFIX": "Mrs.","FIRST": "Leighann368","LAST": "Murray856","SUFFIX": "","MAIDEN": "Krajcik437","MARITAL": "M","RACE": "white","ETHNICITY": "italian","GENDER": "F","BIRTHPLACE": "Waltham  Massachusetts  US","ADDRESS": "807 Howell Run","CITY": "Abington","STATE": "Massachusetts","ZIP": "02351"},{"ID": "bf086ba1-188c-48fd-b81a-74ae29b49ffe","BIRTHDATE": "1987-04-21","DEATHDATE": "","SSN": "999-53-2793","DRIVERS": "S99933079","PASSPORT": "X29376428X","PREFIX": "Mrs.","FIRST": "Beula159","LAST": "Bernier607","SUFFIX": "","MAIDEN": "Wilkinson796","MARITAL": "M","RACE": "white","ETHNICITY": "irish","GENDER": "F","BIRTHPLACE": "Natick  Massachusetts  US","ADDRESS": "472 Schaefer Center Apt 46","CITY": "Buckland","STATE": "Massachusetts","ZIP": "01338"},{"ID": "0ad78bf2-dd8e-4dd1-804c-6527c394b2ae","BIRTHDATE": "2014-12-22","DEATHDATE": "","SSN": "999-98-8145","DRIVERS": "","PASSPORT": "","PREFIX": "","FIRST": "Petra678","LAST": "Pagac496","SUFFIX": "","MAIDEN": "","MARITAL": "","RACE": "white","ETHNICITY": "italian","GENDER": "F","BIRTHPLACE": "Northampton  Massachusetts  US","ADDRESS": "578 Mills Plaza","CITY": "Sudbury","STATE": "Massachusetts","ZIP": "01776"},{"ID": "ef8b7243-1eee-4bd2-a07c-888127e26175","BIRTHDATE": "1969-01-05","DEATHDATE": "","SSN": "999-45-9405","DRIVERS": "S99931423","PASSPORT": "X33206125X","PREFIX": "Mrs.","FIRST": "Skye332","LAST": "Orn563","SUFFIX": "","MAIDEN": "Nader710","MARITAL": "M","RACE": "white","ETHNICITY": "irish","GENDER": "F","BIRTHPLACE": "Rockland  Massachusetts  US","ADDRESS": "112 Huel Trafficway","CITY": "Amesbury Town","STATE": "Massachusetts","ZIP": "01913"},{"ID": "ce4cf349-7435-44c5-b7b5-35f232ef5d12","BIRTHDATE": "1956-05-19","DEATHDATE": "","SSN": "999-68-4214","DRIVERS": "S99949646","PASSPORT": "X7005364X","PREFIX": "Mr.","FIRST": "Toney527","LAST": "Kemmer137","SUFFIX": "","MAIDEN": "","MARITAL": "M","RACE": "white","ETHNICITY": "swedish","GENDER": "M","BIRTHPLACE": "Rockland  Massachusetts  US","ADDRESS": "1051 Bayer Common","CITY": "Amesbury Town","STATE": "Massachusetts","ZIP": "01913"},{"ID": "bbf15b32-fe80-4364-a076-ed386a806e78","BIRTHDATE": "1978-01-23","DEATHDATE": "","SSN": "999-46-4575","DRIVERS": "S99946387","PASSPORT": "X10464819X","PREFIX": "Mrs.","FIRST": "Claudie965","LAST": "Luettgen772","SUFFIX": "","MAIDEN": "Gulgowski816","MARITAL": "M","RACE": "black","ETHNICITY": "west_indian","GENDER": "F","BIRTHPLACE": "Bridgewater  Massachusetts  US","ADDRESS": "615 Jacobson Station","CITY": "Salisbury","STATE": "Massachusetts","ZIP": "01952"},{"ID": "55ed2d76-7d9f-4958-9746-209337a6d6a8","BIRTHDATE": "1996-02-23","DEATHDATE": "","SSN": "999-12-4419","DRIVERS": "S99911468","PASSPORT": "X30298855X","PREFIX": "Ms.","FIRST": "Danyelle408","LAST": "Bahringer146","SUFFIX": "","MAIDEN": "","MARITAL": "","RACE": "white","ETHNICITY": "irish","GENDER": "F","BIRTHPLACE": "Braintree Town  Massachusetts  US","ADDRESS": "244 Rice Lodge Suite 77","CITY": "Boston","STATE": "Massachusetts","ZIP": "02108"},{"ID": "87a78a01-9b41-4cf5-ad87-92c1634f6c48","BIRTHDATE": "2002-01-21","DEATHDATE": "","SSN": "999-48-9667","DRIVERS": "S99972216","PASSPORT": "","PREFIX": "","FIRST": "Alvin56","LAST": "Bartoletti50","SUFFIX": "","MAIDEN": "","MARITAL": "","RACE": "white","ETHNICITY": "irish","GENDER": "M","BIRTHPLACE": "Acushnet  Massachusetts  US","ADDRESS": "422 Hauck Crossing Suite 91","CITY": "Amesbury Town","STATE": "Massachusetts","ZIP": "01913"},{"ID": "7092bed3-17a5-43b6-b3d3-f2d29a784fcb","BIRTHDATE": "1918-12-03","DEATHDATE": "2005-02-16","SSN": "999-68-4144","DRIVERS": "S99944826","PASSPORT": "X38634668X","PREFIX": "Mrs.","FIRST": "Kelley882","LAST": "Reynolds644","SUFFIX": "","MAIDEN": "Leannon79","MARITAL": "M","RACE": "white","ETHNICITY": "polish","GENDER": "F","BIRTHPLACE": "Lynn  Massachusetts  US","ADDRESS": "778 Hammes Rue","CITY": "Barnstable Town","STATE": "Massachusetts","ZIP": "02601"},{"ID": "402dd8b2-3411-4cba-8e96-e287afa7e1c9","BIRTHDATE": "1964-10-17","DEATHDATE": "","SSN": "999-43-2877","DRIVERS": "S99956886","PASSPORT": "X60609189X","PREFIX": "Mr.","FIRST": "Simon598","LAST": "Schinner682","SUFFIX": "","MAIDEN": "","MARITAL": "M","RACE": "asian","ETHNICITY": "chinese","GENDER": "M","BIRTHPLACE": "Beijing  Beijing Municipality  CN","ADDRESS": "1001 Veum Divide Unit 66","CITY": "Pepperell","STATE": "Massachusetts","ZIP": "01463"},{"ID": "9a89bf3d-8e6c-42ec-82d8-d4aaff10e254","BIRTHDATE": "1985-10-25","DEATHDATE": "","SSN": "999-69-9854","DRIVERS": "S99947502","PASSPORT": "X71777400X","PREFIX": "Ms.","FIRST": "Audie868","LAST": "Murray856","SUFFIX": "","MAIDEN": "","MARITAL": "S","RACE": "asian","ETHNICITY": "chinese","GENDER": "F","BIRTHPLACE": "Shanghai  Shanghai Municipality  CN","ADDRESS": "105 Thiel Promenade","CITY": "Burlington","STATE": "Massachusetts","ZIP": "01803"},{"ID": "4298ae41-3da7-436c-a736-c7635f7bb994","BIRTHDATE": "1956-10-19","DEATHDATE": "","SSN": "999-40-3447","DRIVERS": "S99943451","PASSPORT": "X81782807X","PREFIX": "Mrs.","FIRST": "Lewis216","LAST": "Deckow585","SUFFIX": "","MAIDEN": "Larkin917","MARITAL": "M","RACE": "white","ETHNICITY": "irish","GENDER": "F","BIRTHPLACE": "Boston  Massachusetts  US","ADDRESS": "911 Bergstrom Trafficway Unit 57","CITY": "Lawrence","STATE": "Massachusetts","ZIP": "01840"},{"ID": "2847c8f5-89a9-4965-8c8b-86b96624392b","BIRTHDATE": "1998-10-05","DEATHDATE": "","SSN": "999-90-2593","DRIVERS": "S99947285","PASSPORT": "X31836309X","PREFIX": "Ms.","FIRST": "Sharyl439","LAST": "Pollich983","SUFFIX": "","MAIDEN": "","MARITAL": "","RACE": "white","ETHNICITY": "french","GENDER": "F","BIRTHPLACE": "New Bedford  Massachusetts  US","ADDRESS": "472 Reilly Road Apt 87","CITY": "Cambridge","STATE": "Massachusetts","ZIP": "02138"},{"ID": "46d8446b-b4ec-4363-a5c7-90093a71fd89","BIRTHDATE": "1985-04-29","DEATHDATE": "","SSN": "999-72-6148","DRIVERS": "S99950068","PASSPORT": "X63054892X","PREFIX": "Mrs.","FIRST": "Cristi782","LAST": "Bayer639","SUFFIX": "","MAIDEN": "Strosin214","MARITAL": "M","RACE": "white","ETHNICITY": "french","GENDER": "F","BIRTHPLACE": "Conway  Massachusetts  US","ADDRESS": "473 Waters Lodge Suite 13","CITY": "Attleboro","STATE": "Massachusetts","ZIP": "02703"},{"ID": "47c75106-0e55-44c0-8808-3e37d4debd50","BIRTHDATE": "1951-02-10","DEATHDATE": "","SSN": "999-62-5027","DRIVERS": "S99927074","PASSPORT": "X89102351X","PREFIX": "Mrs.","FIRST": "Lavona767","LAST": "Yundt842","SUFFIX": "","MAIDEN": "Smith67","MARITAL": "M","RACE": "white","ETHNICITY": "french","GENDER": "F","BIRTHPLACE": "Lynn  Massachusetts  US","ADDRESS": "526 Lockman Crossroad Unit 80","CITY": "Medway","STATE": "Massachusetts","ZIP": "02053"},{"ID": "4a29aa0c-75a1-4083-be05-255a7b34a962","BIRTHDATE": "1954-04-08","DEATHDATE": "","SSN": "999-34-7498","DRIVERS": "S99998532","PASSPORT": "X2023370X","PREFIX": "Mr.","FIRST": "Vicente970","LAST": "Wiza601","SUFFIX": "","MAIDEN": "","MARITAL": "S","RACE": "black","ETHNICITY": "west_indian","GENDER": "M","BIRTHPLACE": "Port-au-Prince  Haiti  HT","ADDRESS": "766 Collier Quay Unit 29","CITY": "North Attleborough","STATE": "Massachusetts","ZIP": ""},{"ID": "8e3256d4-77ff-4c75-ae12-1c3542e0f249","BIRTHDATE": "1949-11-17","DEATHDATE": "","SSN": "999-30-3563","DRIVERS": "S99949776","PASSPORT": "X51035942X","PREFIX": "Mrs.","FIRST": "Jesenia223","LAST": "Nitzsche158","SUFFIX": "","MAIDEN": "Runolfsson901","MARITAL": "M","RACE": "white","ETHNICITY": "irish","GENDER": "F","BIRTHPLACE": "Boston  Massachusetts  US","ADDRESS": "137 Feeney Run","CITY": "Holden","STATE": "Massachusetts","ZIP": "01520"},{"ID": "e5313cff-a9f9-42f9-8045-fe520cf9ada4","BIRTHDATE": "2008-01-02","DEATHDATE": "","SSN": "999-64-8578","DRIVERS": "","PASSPORT": "","PREFIX": "","FIRST": "Isaac321","LAST": "Hayes766","SUFFIX": "","MAIDEN": "","MARITAL": "","RACE": "white","ETHNICITY": "polish","GENDER": "M","BIRTHPLACE": "Boston  Massachusetts  US","ADDRESS": "573 Sawayn Dam","CITY": "Ludlow","STATE": "Massachusetts","ZIP": "01056"},{"ID": "3d287899-4841-4637-b80d-44bb492ea2ce","BIRTHDATE": "1977-04-05","DEATHDATE": "","SSN": "999-32-1656","DRIVERS": "S99912864","PASSPORT": "X1477507X","PREFIX": "Ms.","FIRST": "Robbi844","LAST": "Swaniawski813","SUFFIX": "","MAIDEN": "","MARITAL": "S","RACE": "white","ETHNICITY": "german","GENDER": "F","BIRTHPLACE": "Middleborough  Massachusetts  US","ADDRESS": "292 Abernathy Lodge Suite 97","CITY": "Sandwich","STATE": "Massachusetts","ZIP": "02563"},{"ID": "78fb6d4c-cdad-423d-85ef-085b8cb61bd2","BIRTHDATE": "1918-12-03","DEATHDATE": "1996-02-24","SSN": "999-71-8040","DRIVERS": "S99941545","PASSPORT": "X12953996X","PREFIX": "Mrs.","FIRST": "Hwa978","LAST": "Krajcik437","SUFFIX": "","MAIDEN": "Kassulke119","MARITAL": "M","RACE": "white","ETHNICITY": "polish","GENDER": "F","BIRTHPLACE": "Lee  Massachusetts  US","ADDRESS": "1045 Terry Bypass Apt 17","CITY": "Barnstable Town","STATE": "Massachusetts","ZIP": "02601"},{"ID": "ca3c0efa-a343-4dc1-8292-389aed442b0f","BIRTHDATE": "1995-01-21","DEATHDATE": "","SSN": "999-84-5961","DRIVERS": "S99930692","PASSPORT": "X27899054X","PREFIX": "Ms.","FIRST": "Kristal814","LAST": "Herzog843","SUFFIX": "","MAIDEN": "","MARITAL": "","RACE": "white","ETHNICITY": "german","GENDER": "F","BIRTHPLACE": "Stockbridge  Massachusetts  US","ADDRESS": "355 Sawayn Meadow","CITY": "Springfield","STATE": "Massachusetts","ZIP": "01013"},{"ID": "92cf0b13-bb94-427d-89cf-591edb799e75","BIRTHDATE": "2003-06-12","DEATHDATE": "","SSN": "999-59-8531","DRIVERS": "","PASSPORT": "","PREFIX": "","FIRST": "Syreeta495","LAST": "Marquardt819","SUFFIX": "","MAIDEN": "","MARITAL": "","RACE": "white","ETHNICITY": "french","GENDER": "F","BIRTHPLACE": "Marshfield  Massachusetts  US","ADDRESS": "299 Emmerich Crossing Apt 28","CITY": "Attleboro","STATE": "Massachusetts","ZIP": "02703"},{"ID": "6a9f3ee0-3769-41f7-a19c-f7eaf7ce1ef6","BIRTHDATE": "1944-07-23","DEATHDATE": "","SSN": "999-29-1642","DRIVERS": "S99976063","PASSPORT": "X62193857X","PREFIX": "Mrs.","FIRST": "Julia241","LAST": "Rowe323","SUFFIX": "","MAIDEN": "Reichert620","MARITAL": "M","RACE": "white","ETHNICITY": "italian","GENDER": "F","BIRTHPLACE": "Belmont  Massachusetts  US","ADDRESS": "374 Brown Club","CITY": "Walpole","STATE": "Massachusetts","ZIP": "02081"},{"ID": "66cb20f7-7e7f-4849-9d42-bd419474d866","BIRTHDATE": "2007-01-18","DEATHDATE": "","SSN": "999-66-5370","DRIVERS": "","PASSPORT": "","PREFIX": "","FIRST": "Myong12","LAST": "Fadel536","SUFFIX": "","MAIDEN": "","MARITAL": "","RACE": "white","ETHNICITY": "american","GENDER": "F","BIRTHPLACE": "Lynnfield  Massachusetts  US","ADDRESS": "350 Greenfelder Hollow","CITY": "Randolph","STATE": "Massachusetts","ZIP": "02368"},{"ID": "47b0f941-5703-45b2-ba6f-25fbe1f29ddf","BIRTHDATE": "1984-03-06","DEATHDATE": "","SSN": "999-12-6458","DRIVERS": "S99920317","PASSPORT": "X18076551X","PREFIX": "Mr.","FIRST": "Dustin31","LAST": "Lowe577","SUFFIX": "","MAIDEN": "","MARITAL": "M","RACE": "white","ETHNICITY": "irish","GENDER": "M","BIRTHPLACE": "Waltham  Massachusetts  US","ADDRESS": "909 Abshire Grove","CITY": "Springfield","STATE": "Massachusetts","ZIP": "01013"},{"ID": "c3b97ecc-7027-4ac6-88b2-b905ac577ce0","BIRTHDATE": "1986-03-23","DEATHDATE": "","SSN": "999-78-8255","DRIVERS": "S99929161","PASSPORT": "X34180110X","PREFIX": "Mr.","FIRST": "Jason347","LAST": "Schneider199","SUFFIX": "","MAIDEN": "","MARITAL": "S","RACE": "white","ETHNICITY": "italian","GENDER": "M","BIRTHPLACE": "Lawrence  Massachusetts  US","ADDRESS": "621 Kub Glen Suite 42","CITY": "Boston","STATE": "Massachusetts","ZIP": "02108"},{"ID": "48bce518-9b09-4992-bdca-ae42fd21e5d6","BIRTHDATE": "1973-11-13","DEATHDATE": "","SSN": "999-98-4587","DRIVERS": "S99979524","PASSPORT": "X14722300X","PREFIX": "Mrs.","FIRST": "Carolina179","LAST": "Ureña88","SUFFIX": "","MAIDEN": "Amador986","MARITAL": "M","RACE": "hispanic","ETHNICITY": "puerto_rican","GENDER": "F","BIRTHPLACE": "Ponce  Puerto Rico  PR","ADDRESS": "311 Stark Light","CITY": "Medford","STATE": "Massachusetts","ZIP": "02145"},{"ID": "c2e667ce-286c-4cda-a039-aca9db747b28","BIRTHDATE": "2015-04-08","DEATHDATE": "","SSN": "999-32-6187","DRIVERS": "","PASSPORT": "","PREFIX": "","FIRST": "Ramón841","LAST": "Padrón382","SUFFIX": "","MAIDEN": "","MARITAL": "","RACE": "hispanic","ETHNICITY": "south_american","GENDER": "M","BIRTHPLACE": "Rio de Janerio  Rio de Janerio  BR","ADDRESS": "451 Mayer Stravenue","CITY": "Georgetown","STATE": "Massachusetts","ZIP": "01833"},{"ID": "9786927d-e893-4626-93f5-6ce5d02b75e7","BIRTHDATE": "1965-03-04","DEATHDATE": "","SSN": "999-17-4680","DRIVERS": "S99944402","PASSPORT": "X69567081X","PREFIX": "Mr.","FIRST": "Theron432","LAST": "Feil794","SUFFIX": "","MAIDEN": "","MARITAL": "M","RACE": "white","ETHNICITY": "irish","GENDER": "M","BIRTHPLACE": "Lowell  Massachusetts  US","ADDRESS": "1075 Quigley Meadow","CITY": "Ludlow","STATE": "Massachusetts","ZIP": "01056"},{"ID": "32d5c083-f7d5-417c-a782-bfe51ef3ea6e","BIRTHDATE": "1987-05-24","DEATHDATE": "","SSN": "999-78-2228","DRIVERS": "S99959510","PASSPORT": "X44511172X","PREFIX": "Mr.","FIRST": "Christopher407","LAST": "Kassulke119","SUFFIX": "","MAIDEN": "","MARITAL": "S","RACE": "white","ETHNICITY": "portuguese","GENDER": "M","BIRTHPLACE": "Norwood  Massachusetts  US","ADDRESS": "933 Lueilwitz Course Suite 67","CITY": "Quincy","STATE": "Massachusetts","ZIP": "02169"},{"ID": "bf36fe45-c80f-492f-a07e-17d5bf2ffe7d","BIRTHDATE": "1989-01-05","DEATHDATE": "","SSN": "999-35-2316","DRIVERS": "S99943742","PASSPORT": "X75755740X","PREFIX": "Mrs.","FIRST": "Wei843","LAST": "Hahn503","SUFFIX": "","MAIDEN": "Legros616","MARITAL": "M","RACE": "hispanic","ETHNICITY": "puerto_rican","GENDER": "F","BIRTHPLACE": "Rockland  Massachusetts  US","ADDRESS": "1030 Altenwerth Crossroad Apt 86","CITY": "West Springfield Town","STATE": "Massachusetts","ZIP": "01089"},{"ID": "156effeb-af23-4148-b0f0-2d951ad19781","BIRTHDATE": "1945-12-07","DEATHDATE": "","SSN": "999-46-1654","DRIVERS": "S99994917","PASSPORT": "X7543016X","PREFIX": "Mr.","FIRST": "Trenton748","LAST": "Roob72","SUFFIX": "","MAIDEN": "","MARITAL": "M","RACE": "white","ETHNICITY": "irish","GENDER": "M","BIRTHPLACE": "New Bedford  Massachusetts  US","ADDRESS": "695 Skiles Well","CITY": "Beverly","STATE": "Massachusetts","ZIP": "01915"},{"ID": "7065359e-eaf7-4f3b-a9e7-c7062b47d6cb","BIRTHDATE": "1967-10-11","DEATHDATE": "","SSN": "999-41-4343","DRIVERS": "S99933125","PASSPORT": "X34962661X","PREFIX": "Mrs.","FIRST": "Estrella224","LAST": "Kemmer137","SUFFIX": "","MAIDEN": "Erdman779","MARITAL": "M","RACE": "white","ETHNICITY": "irish","GENDER": "F","BIRTHPLACE": "Walpole  Massachusetts  US","ADDRESS": "490 Baumbach Row","CITY": "Newton","STATE": "Massachusetts","ZIP": "02458"},{"ID": "298564cb-5bde-4268-902c-1fe92d6fd7a6","BIRTHDATE": "1999-03-31","DEATHDATE": "","SSN": "999-40-3710","DRIVERS": "S99917263","PASSPORT": "","PREFIX": "Ms.","FIRST": "Perry780","LAST": "Gibson10","SUFFIX": "","MAIDEN": "","MARITAL": "","RACE": "white","ETHNICITY": "italian","GENDER": "F","BIRTHPLACE": "Brookline  Massachusetts  US","ADDRESS": "388 Eichmann Trail","CITY": "Swampscott","STATE": "Massachusetts","ZIP": "01907"},{"ID": "c7dd2aaf-476c-4ba1-bad9-46cb7fb4895c","BIRTHDATE": "1944-09-13","DEATHDATE": "","SSN": "999-59-6003","DRIVERS": "S99992260","PASSPORT": "X25025655X","PREFIX": "Mrs.","FIRST": "Keshia89","LAST": "Brekke496","SUFFIX": "","MAIDEN": "Aufderhar910","MARITAL": "M","RACE": "white","ETHNICITY": "russian","GENDER": "F","BIRTHPLACE": "Somerville  Massachusetts  US","ADDRESS": "707 Koss Plaza","CITY": "Lowell","STATE": "Massachusetts","ZIP": "01850"},{"ID": "7ebc4f78-8c61-4f36-a399-05bf933c2630","BIRTHDATE": "2007-09-18","DEATHDATE": "","SSN": "999-63-2788","DRIVERS": "","PASSPORT": "","PREFIX": "","FIRST": "Kena893","LAST": "Feeney44","SUFFIX": "","MAIDEN": "","MARITAL": "","RACE": "white","ETHNICITY": "portuguese","GENDER": "F","BIRTHPLACE": "Faro  Algarve  PT","ADDRESS": "1001 Witting Pathway Unit 56","CITY": "Stoneham","STATE": "Massachusetts","ZIP": "02180"},{"ID": "7102114c-76be-4074-80cc-1cc8dc9af968","BIRTHDATE": "2013-07-21","DEATHDATE": "","SSN": "999-46-3625","DRIVERS": "","PASSPORT": "","PREFIX": "","FIRST": "Richie600","LAST": "Reichel38","SUFFIX": "","MAIDEN": "","MARITAL": "","RACE": "white","ETHNICITY": "swedish","GENDER": "M","BIRTHPLACE": "Shirley  Massachusetts  US","ADDRESS": "438 Champlin Green","CITY": "Somerset","STATE": "Massachusetts","ZIP": "02725"},{"ID": "cf199037-1449-4a31-aae3-a6c390c1f4a1","BIRTHDATE": "1976-07-01","DEATHDATE": "","SSN": "999-60-2777","DRIVERS": "S99941597","PASSPORT": "X6340638X","PREFIX": "Mr.","FIRST": "Michel472","LAST": "Leannon79","SUFFIX": "","MAIDEN": "","MARITAL": "M","RACE": "white","ETHNICITY": "irish","GENDER": "M","BIRTHPLACE": "Milton  Massachusetts  US","ADDRESS": "692 Walsh Avenue Apt 37","CITY": "Hopedale","STATE": "Massachusetts","ZIP": "01747"},{"ID": "6ea9adf0-8f4d-44ce-8ce0-3658078f0dbf","BIRTHDATE": "1918-12-03","DEATHDATE": "","SSN": "999-58-6470","DRIVERS": "S99941247","PASSPORT": "X89067614X","PREFIX": "Mrs.","FIRST": "Analisa263","LAST": "Rau926","SUFFIX": "","MAIDEN": "Stoltenberg489","MARITAL": "M","RACE": "white","ETHNICITY": "polish","GENDER": "F","BIRTHPLACE": "Wareham  Massachusetts  US","ADDRESS": "190 Shields Annex Unit 72","CITY": "Barnstable Town","STATE": "Massachusetts","ZIP": "02601"},{"ID": "0cc376be-048f-49bb-af58-2e4f272f4a07","BIRTHDATE": "1995-01-14","DEATHDATE": "","SSN": "999-11-6240","DRIVERS": "S99929777","PASSPORT": "X84445946X","PREFIX": "Ms.","FIRST": "Elaine830","LAST": "Kuphal363","SUFFIX": "","MAIDEN": "","MARITAL": "","RACE": "white","ETHNICITY": "italian","GENDER": "F","BIRTHPLACE": "Westfield  Massachusetts  US","ADDRESS": "297 Hermiston Gardens","CITY": "Winthrop Town","STATE": "Massachusetts","ZIP": "02128"},{"ID": "41362f93-5e34-44c8-a9c5-5c1ac538b999","BIRTHDATE": "1965-04-14","DEATHDATE": "","SSN": "999-59-7395","DRIVERS": "S99982262","PASSPORT": "X20437257X","PREFIX": "Mrs.","FIRST": "Sammy219","LAST": "Harber290","SUFFIX": "","MAIDEN": "Douglas31","MARITAL": "M","RACE": "white","ETHNICITY": "italian","GENDER": "F","BIRTHPLACE": "Andover  Massachusetts  US","ADDRESS": "818 Greenfelder Highlands Suite 83","CITY": "Arlington","STATE": "Massachusetts","ZIP": "02474"},{"ID": "eed41654-93fc-47c4-a42e-47d4cfd4a118","BIRTHDATE": "2008-04-29","DEATHDATE": "","SSN": "999-35-3497","DRIVERS": "","PASSPORT": "","PREFIX": "","FIRST": "Jody426","LAST": "Wehner319","SUFFIX": "","MAIDEN": "","MARITAL": "","RACE": "white","ETHNICITY": "italian","GENDER": "M","BIRTHPLACE": "Newton  Massachusetts  US","ADDRESS": "415 Nikolaus Corner","CITY": "Salisbury","STATE": "Massachusetts","ZIP": "01952"},{"ID": "556052da-ad6b-4c39-bb0c-001e78126393","BIRTHDATE": "1948-12-11","DEATHDATE": "","SSN": "999-58-4458","DRIVERS": "S99949438","PASSPORT": "X72036626X","PREFIX": "Mrs.","FIRST": "Alayna598","LAST": "Buckridge80","SUFFIX": "","MAIDEN": "Bashirian201","MARITAL": "M","RACE": "white","ETHNICITY": "italian","GENDER": "F","BIRTHPLACE": "Framingham  Massachusetts  US","ADDRESS": "691 Mayer Viaduct Suite 28","CITY": "Provincetown","STATE": "Massachusetts","ZIP": "02657"},{"ID": "f8dc935e-a476-47c8-b4b3-2a6fa97d3d95","BIRTHDATE": "1997-05-24","DEATHDATE": "","SSN": "999-15-2289","DRIVERS": "S99922498","PASSPORT": "X64360639X","PREFIX": "Ms.","FIRST": "Lani848","LAST": "O'Connell601","SUFFIX": "","MAIDEN": "","MARITAL": "","RACE": "white","ETHNICITY": "scottish","GENDER": "F","BIRTHPLACE": "Milton  Massachusetts  US","ADDRESS": "859 Lakin Avenue Apt 81","CITY": "Boston","STATE": "Massachusetts","ZIP": "02108"},{"ID": "deb75f2a-051f-4cae-81cb-a2592e41dd86","BIRTHDATE": "1967-06-11","DEATHDATE": "","SSN": "999-54-6754","DRIVERS": "S99979442","PASSPORT": "X48036948X","PREFIX": "Mr.","FIRST": "Paul232","LAST": "Hyatt152","SUFFIX": "","MAIDEN": "","MARITAL": "M","RACE": "white","ETHNICITY": "italian","GENDER": "M","BIRTHPLACE": "Dartmouth  Massachusetts  US","ADDRESS": "694 Kub Vale","CITY": "Boston","STATE": "Massachusetts","ZIP": "02108"},{"ID": "33df4b24-4066-4e44-af95-3127d7cc3cfe","BIRTHDATE": "1973-10-28","DEATHDATE": "","SSN": "999-80-8524","DRIVERS": "S99919126","PASSPORT": "X30416537X","PREFIX": "Mr.","FIRST": "Eldon28","LAST": "Fahey393","SUFFIX": "","MAIDEN": "","MARITAL": "S","RACE": "white","ETHNICITY": "irish","GENDER": "M","BIRTHPLACE": "Brookline  Massachusetts  US","ADDRESS": "334 Brown Bay Apt 55","CITY": "Dedham","STATE": "Massachusetts","ZIP": "02026"},{"ID": "f76c12ed-d934-424d-9941-3d98b6423230","BIRTHDATE": "2004-05-23","DEATHDATE": "","SSN": "999-26-4559","DRIVERS": "","PASSPORT": "","PREFIX": "","FIRST": "Stephan15","LAST": "Terry864","SUFFIX": "","MAIDEN": "","MARITAL": "","RACE": "white","ETHNICITY": "french","GENDER": "M","BIRTHPLACE": "Sudbury  Massachusetts  US","ADDRESS": "124 Trantow Trafficway Suite 66","CITY": "Somerset","STATE": "Massachusetts","ZIP": "02725"},{"ID": "47e5999b-76dc-45f2-8391-7bede50c26ab","BIRTHDATE": "1995-11-18","DEATHDATE": "","SSN": "999-36-6436","DRIVERS": "S99970230","PASSPORT": "X6845130X","PREFIX": "Mr.","FIRST": "Nathanial472","LAST": "Kirlin939","SUFFIX": "","MAIDEN": "","MARITAL": "","RACE": "white","ETHNICITY": "italian","GENDER": "M","BIRTHPLACE": "Townsend  Massachusetts  US","ADDRESS": "439 Raynor Meadow Suite 86","CITY": "Attleboro","STATE": "Massachusetts","ZIP": "02703"},{"ID": "6d8367dd-e546-4c2e-97b4-2ea82184232a","BIRTHDATE": "1951-09-18","DEATHDATE": "","SSN": "999-44-7915","DRIVERS": "S99953932","PASSPORT": "X76978787X","PREFIX": "Mrs.","FIRST": "Trisha327","LAST": "Hagenes547","SUFFIX": "","MAIDEN": "Graham902","MARITAL": "M","RACE": "white","ETHNICITY": "english","GENDER": "F","BIRTHPLACE": "Mansfield  Massachusetts  US","ADDRESS": "847 Ritchie Alley","CITY": "Amherst","STATE": "Massachusetts","ZIP": "01002"},{"ID": "02a45eb4-a3f3-4157-ab5c-d0621f2b7073","BIRTHDATE": "1961-04-07","DEATHDATE": "","SSN": "999-93-7528","DRIVERS": "S99998714","PASSPORT": "X71645893X","PREFIX": "Mr.","FIRST": "Julian715","LAST": "Hansen121","SUFFIX": "","MAIDEN": "","MARITAL": "M","RACE": "white","ETHNICITY": "english","GENDER": "M","BIRTHPLACE": "Lynn  Massachusetts  US","ADDRESS": "396 Kerluke Approach Unit 97","CITY": "Falmouth","STATE": "Massachusetts","ZIP": "02540"},{"ID": "2f9effee-365c-4bac-b79d-6632b3b2aee3","BIRTHDATE": "1942-05-05","DEATHDATE": "","SSN": "999-72-5345","DRIVERS": "S99932834","PASSPORT": "X1823858X","PREFIX": "Mrs.","FIRST": "Jeanna557","LAST": "Streich926","SUFFIX": "","MAIDEN": "King743","MARITAL": "M","RACE": "white","ETHNICITY": "italian","GENDER": "F","BIRTHPLACE": "Orange  Massachusetts  US","ADDRESS": "466 Armstrong Wall Suite 38","CITY": "Westwood","STATE": "Massachusetts","ZIP": "02090"},{"ID": "dba64242-e165-4ad3-8816-5ccef767b3e0","BIRTHDATE": "1942-07-08","DEATHDATE": "","SSN": "999-17-7819","DRIVERS": "S99939711","PASSPORT": "X20869154X","PREFIX": "Mr.","FIRST": "Douglas31","LAST": "Turcotte120","SUFFIX": "","MAIDEN": "","MARITAL": "S","RACE": "white","ETHNICITY": "english","GENDER": "M","BIRTHPLACE": "Milton  Massachusetts  US","ADDRESS": "162 Blick Approach Unit 94","CITY": "Boston","STATE": "Massachusetts","ZIP": "02108"},{"ID": "b676480c-4440-4239-bd6f-20f867d766e2","BIRTHDATE": "1979-08-28","DEATHDATE": "","SSN": "999-15-1680","DRIVERS": "S99982366","PASSPORT": "X73261343X","PREFIX": "Ms.","FIRST": "Monserrate4","LAST": "Brakus656","SUFFIX": "","MAIDEN": "","MARITAL": "S","RACE": "asian","ETHNICITY": "chinese","GENDER": "F","BIRTHPLACE": "Bridgewater  Massachusetts  US","ADDRESS": "324 O'Keefe View Unit 83","CITY": "Medford","STATE": "Massachusetts","ZIP": "02145"},{"ID": "12970fef-a879-42e0-8b95-a988852664da","BIRTHDATE": "1971-12-17","DEATHDATE": "","SSN": "999-55-4156","DRIVERS": "S99933217","PASSPORT": "X61010577X","PREFIX": "Mrs.","FIRST": "Carmen818","LAST": "Prieto999","SUFFIX": "","MAIDEN": "Quezada963","MARITAL": "M","RACE": "hispanic","ETHNICITY": "puerto_rican","GENDER": "F","BIRTHPLACE": "Bayamon  Puerto Rico  PR","ADDRESS": "814 Collins Divide","CITY": "North Andover","STATE": "Massachusetts","ZIP": "01845"},{"ID": "dffef9ff-166f-42b9-a5f0-dc908f7f9c51","BIRTHDATE": "1962-02-18","DEATHDATE": "","SSN": "999-95-1794","DRIVERS": "S99994431","PASSPORT": "X17328597X","PREFIX": "Mr.","FIRST": "Mac103","LAST": "Keebler762","SUFFIX": "","MAIDEN": "","MARITAL": "M","RACE": "white","ETHNICITY": "polish","GENDER": "M","BIRTHPLACE": "Upton  Massachusetts  US","ADDRESS": "1089 Kilback Highlands","CITY": "Quincy","STATE": "Massachusetts","ZIP": "02169"},{"ID": "19b66c49-1d18-4c06-a65b-e0e24e8244ef","BIRTHDATE": "1966-08-03","DEATHDATE": "","SSN": "999-24-7044","DRIVERS": "S99979245","PASSPORT": "X43394142X","PREFIX": "Mr.","FIRST": "Shane235","LAST": "Kuhic920","SUFFIX": "","MAIDEN": "","MARITAL": "M","RACE": "white","ETHNICITY": "italian","GENDER": "M","BIRTHPLACE": "Boston  Massachusetts  US","ADDRESS": "206 McGlynn Green","CITY": "Northborough","STATE": "Massachusetts","ZIP": "01532"},{"ID": "3c40f3d2-3f5a-44ae-888e-7533bbea38b8","BIRTHDATE": "1974-03-01","DEATHDATE": "","SSN": "999-10-5377","DRIVERS": "S99978776","PASSPORT": "X69066115X","PREFIX": "Mrs.","FIRST": "Marta91","LAST": "Hintz995","SUFFIX": "","MAIDEN": "Renner328","MARITAL": "M","RACE": "white","ETHNICITY": "polish","GENDER": "F","BIRTHPLACE": "Abington  Massachusetts  US","ADDRESS": "275 Kuhlman Gardens","CITY": "Essex","STATE": "Massachusetts","ZIP": "01929"},{"ID": "df28f253-6b67-403d-a98a-e10c9ea821e0","BIRTHDATE": "1998-05-14","DEATHDATE": "","SSN": "999-60-7452","DRIVERS": "S99985672","PASSPORT": "X64065230X","PREFIX": "Mr.","FIRST": "Lowell343","LAST": "Gerlach374","SUFFIX": "","MAIDEN": "","MARITAL": "","RACE": "white","ETHNICITY": "french","GENDER": "M","BIRTHPLACE": "Dennis  Massachusetts  US","ADDRESS": "399 Zulauf Viaduct Unit 7","CITY": "East Longmeadow","STATE": "Massachusetts","ZIP": "01028"},{"ID": "808a2404-9b1f-4632-932e-b5214ba0bc10","BIRTHDATE": "1945-05-27","DEATHDATE": "","SSN": "999-47-1637","DRIVERS": "S99940660","PASSPORT": "X43903211X","PREFIX": "Mr.","FIRST": "Eduardo902","LAST": "Ybarra887","SUFFIX": "","MAIDEN": "","MARITAL": "M","RACE": "hispanic","ETHNICITY": "puerto_rican","GENDER": "M","BIRTHPLACE": "Bayamon  Puerto Rico  PR","ADDRESS": "692 Champlin Landing Apt 76","CITY": "Boston","STATE": "Massachusetts","ZIP": "02108"},{"ID": "889d8269-e1ae-4373-ad10-9021395b8ad1","BIRTHDATE": "1997-10-01","DEATHDATE": "","SSN": "999-58-6221","DRIVERS": "S99915050","PASSPORT": "X53964005X","PREFIX": "Ms.","FIRST": "Reynalda736","LAST": "Nolan344","SUFFIX": "","MAIDEN": "","MARITAL": "","RACE": "white","ETHNICITY": "italian","GENDER": "F","BIRTHPLACE": "Sudbury  Massachusetts  US","ADDRESS": "299 Hintz Highlands Suite 72","CITY": "Holyoke","STATE": "Massachusetts","ZIP": "01040"},{"ID": "e4954420-d873-4d11-9337-7edba229edcd","BIRTHDATE": "2006-07-18","DEATHDATE": "","SSN": "999-24-7131","DRIVERS": "","PASSPORT": "","PREFIX": "","FIRST": "Val761","LAST": "Halvorson124","SUFFIX": "","MAIDEN": "","MARITAL": "","RACE": "white","ETHNICITY": "english","GENDER": "M","BIRTHPLACE": "Cambridge  Massachusetts  US","ADDRESS": "891 Grimes Key Suite 52","CITY": "Chelsea","STATE": "Massachusetts","ZIP": "02149"},{"ID": "d72cd8ce-f608-4b79-9bf5-56ed27fc57d6","BIRTHDATE": "1964-11-19","DEATHDATE": "","SSN": "999-13-8729","DRIVERS": "S99998322","PASSPORT": "X36385634X","PREFIX": "Mrs.","FIRST": "Isabel214","LAST": "Casillas702","SUFFIX": "","MAIDEN": "Galindo802","MARITAL": "M","RACE": "hispanic","ETHNICITY": "puerto_rican","GENDER": "F","BIRTHPLACE": "Carolina  Puerto Rico  PR","ADDRESS": "587 Wunsch Estate","CITY": "Cohasset","STATE": "Massachusetts","ZIP": "02025"},{"ID": "9a9e43d6-8269-402d-a33f-35fbca0548ef","BIRTHDATE": "2016-12-15","DEATHDATE": "","SSN": "999-58-6347","DRIVERS": "","PASSPORT": "","PREFIX": "","FIRST": "Milton509","LAST": "Block661","SUFFIX": "","MAIDEN": "","MARITAL": "","RACE": "white","ETHNICITY": "italian","GENDER": "M","BIRTHPLACE": "Shrewsbury  Massachusetts  US","ADDRESS": "503 Hane Arcade Suite 23","CITY": "Boston","STATE": "Massachusetts","ZIP": "02108"},{"ID": "1d55ff96-90dd-45ad-ae35-a02458612ccc","BIRTHDATE": "1981-08-23","DEATHDATE": "","SSN": "999-71-6062","DRIVERS": "S99987561","PASSPORT": "X32169263X","PREFIX": "Mr.","FIRST": "Sol312","LAST": "Waelchi213","SUFFIX": "","MAIDEN": "","MARITAL": "M","RACE": "white","ETHNICITY": "german","GENDER": "M","BIRTHPLACE": "Williamstown  Massachusetts  US","ADDRESS": "894 Denesik Trace","CITY": "Peabody","STATE": "Massachusetts","ZIP": "01940"},{"ID": "8f3c4c12-b0c1-4a4d-9a3f-65dde336db30","BIRTHDATE": "1942-03-11","DEATHDATE": "","SSN": "999-43-2398","DRIVERS": "S99963159","PASSPORT": "X52504865X","PREFIX": "Mrs.","FIRST": "Windy313","LAST": "Thiel172","SUFFIX": "","MAIDEN": "Schuster709","MARITAL": "M","RACE": "white","ETHNICITY": "german","GENDER": "F","BIRTHPLACE": "Springfield  Massachusetts  US","ADDRESS": "1057 Gutmann Trailer Apt 55","CITY": "East Longmeadow","STATE": "Massachusetts","ZIP": "01028"},{"ID": "04d8f626-a354-4fa0-b4c9-606881772c88","BIRTHDATE": "1959-09-29","DEATHDATE": "","SSN": "999-40-7037","DRIVERS": "S99946293","PASSPORT": "X26509695X","PREFIX": "Ms.","FIRST": "Lorenza655","LAST": "Volkman526","SUFFIX": "","MAIDEN": "","MARITAL": "S","RACE": "white","ETHNICITY": "irish","GENDER": "F","BIRTHPLACE": "Boston  Massachusetts  US","ADDRESS": "600 Dietrich Rue","CITY": "Tewksbury","STATE": "Massachusetts","ZIP": "01876"},{"ID": "ac39bf6f-dd56-4fd3-be11-d001337d548f","BIRTHDATE": "1965-12-03","DEATHDATE": "","SSN": "999-70-1775","DRIVERS": "S99930194","PASSPORT": "X84260231X","PREFIX": "Mrs.","FIRST": "Shalon513","LAST": "Pagac496","SUFFIX": "","MAIDEN": "Bernhard322","MARITAL": "M","RACE": "white","ETHNICITY": "italian","GENDER": "F","BIRTHPLACE": "Quincy  Massachusetts  US","ADDRESS": "1051 Thompson Crossroad Apt 30","CITY": "Cambridge","STATE": "Massachusetts","ZIP": "02138"},{"ID": "212c4305-a362-4f37-9ac4-c1507ce0f594","BIRTHDATE": "1968-10-11","DEATHDATE": "","SSN": "999-51-2821","DRIVERS": "S99996644","PASSPORT": "X62645117X","PREFIX": "Mrs.","FIRST": "Kisha966","LAST": "Sawayn19","SUFFIX": "","MAIDEN": "Boehm581","MARITAL": "M","RACE": "white","ETHNICITY": "english","GENDER": "F","BIRTHPLACE": "Milford  Massachusetts  US","ADDRESS": "966 Jerde Burg","CITY": "Tewksbury","STATE": "Massachusetts","ZIP": "01876"},{"ID": "bc8a6fa7-9a73-4344-a8f1-7e15ea749086","BIRTHDATE": "1951-08-18","DEATHDATE": "","SSN": "999-94-4147","DRIVERS": "S99978665","PASSPORT": "X57013620X","PREFIX": "Mrs.","FIRST": "Sonia106","LAST": "Barrios478","SUFFIX": "","MAIDEN": "Ramírez776","MARITAL": "M","RACE": "hispanic","ETHNICITY": "mexican","GENDER": "F","BIRTHPLACE": "Gaudalajara  Jalisco  MX","ADDRESS": "755 Quitzon Way","CITY": "Charlton","STATE": "Massachusetts","ZIP": "01507"},{"ID": "e582a03a-7865-4872-803d-268c99aec450","BIRTHDATE": "1982-12-25","DEATHDATE": "","SSN": "999-63-4352","DRIVERS": "S99984610","PASSPORT": "X28967747X","PREFIX": "Mr.","FIRST": "Jospeh459","LAST": "Lowe577","SUFFIX": "","MAIDEN": "","MARITAL": "M","RACE": "white","ETHNICITY": "italian","GENDER": "M","BIRTHPLACE": "Westfield  Massachusetts  US","ADDRESS": "823 Wyman Mission","CITY": "Framingham","STATE": "Massachusetts","ZIP": "01701"},{"ID": "68740cab-c778-43cc-807e-9217f93786d9","BIRTHDATE": "1970-06-28","DEATHDATE": "","SSN": "999-92-5508","DRIVERS": "S99912306","PASSPORT": "X8545823X","PREFIX": "Mrs.","FIRST": "Lidia103","LAST": "Hyatt152","SUFFIX": "","MAIDEN": "Champlin946","MARITAL": "M","RACE": "white","ETHNICITY": "italian","GENDER": "F","BIRTHPLACE": "Boston  Massachusetts  US","ADDRESS": "678 Marks Terrace Apt 42","CITY": "Boston","STATE": "Massachusetts","ZIP": "02108"},{"ID": "61e4f461-664b-499f-9ef4-e66861d84e60","BIRTHDATE": "1968-04-14","DEATHDATE": "","SSN": "999-70-4375","DRIVERS": "S99939739","PASSPORT": "X50772432X","PREFIX": "Mrs.","FIRST": "Alyse240","LAST": "Kihn564","SUFFIX": "","MAIDEN": "West559","MARITAL": "M","RACE": "white","ETHNICITY": "french","GENDER": "F","BIRTHPLACE": "Lawrence  Massachusetts  US","ADDRESS": "643 Gibson Lock Apt 40","CITY": "Chicopee","STATE": "Massachusetts","ZIP": "01013"},{"ID": "2f341ac1-1a68-47c5-8d92-8afdeac26261","BIRTHDATE": "1980-01-05","DEATHDATE": "","SSN": "999-61-5532","DRIVERS": "S99948166","PASSPORT": "X73658817X","PREFIX": "Mr.","FIRST": "Donnie175","LAST": "Gulgowski816","SUFFIX": "","MAIDEN": "","MARITAL": "M","RACE": "white","ETHNICITY": "french","GENDER": "M","BIRTHPLACE": "Webster  Massachusetts  US","ADDRESS": "177 Streich Manor","CITY": "Northborough","STATE": "Massachusetts","ZIP": "01532"},{"ID": "849502ca-987a-48c7-b1d5-01eab8ff39d7","BIRTHDATE": "1957-06-10","DEATHDATE": "","SSN": "999-88-4843","DRIVERS": "S99998459","PASSPORT": "X46871506X","PREFIX": "Mrs.","FIRST": "Xiomara943","LAST": "Rogahn59","SUFFIX": "","MAIDEN": "Schinner682","MARITAL": "M","RACE": "white","ETHNICITY": "irish","GENDER": "F","BIRTHPLACE": "Chelsea  Massachusetts  US","ADDRESS": "808 Haley Fork","CITY": "Northbridge","STATE": "Massachusetts","ZIP": "01534"},{"ID": "07bae713-4c3f-40ee-be2c-8ba0cef838c5","BIRTHDATE": "1952-08-21","DEATHDATE": "","SSN": "999-97-5821","DRIVERS": "S99967767","PASSPORT": "X39107879X","PREFIX": "Mrs.","FIRST": "Ruby458","LAST": "Gleason633","SUFFIX": "","MAIDEN": "Jacobson885","MARITAL": "M","RACE": "white","ETHNICITY": "german","GENDER": "F","BIRTHPLACE": "Boston  Massachusetts  US","ADDRESS": "393 Kling Tunnel Suite 55","CITY": "Attleboro","STATE": "Massachusetts","ZIP": "02703"},{"ID": "6277157b-f3ff-4cde-8b73-b70a6b694843","BIRTHDATE": "2003-06-02","DEATHDATE": "","SSN": "999-35-3367","DRIVERS": "","PASSPORT": "","PREFIX": "","FIRST": "Kennith515","LAST": "Kemmer137","SUFFIX": "","MAIDEN": "","MARITAL": "","RACE": "white","ETHNICITY": "irish","GENDER": "M","BIRTHPLACE": "Webster  Massachusetts  US","ADDRESS": "606 Hodkiewicz Light","CITY": "Chicopee","STATE": "Massachusetts","ZIP": "01013"},{"ID": "d303a995-efd2-4c22-9ced-ec2a7c906862","BIRTHDATE": "1987-10-01","DEATHDATE": "","SSN": "999-27-1623","DRIVERS": "S99987017","PASSPORT": "X53808858X","PREFIX": "Mr.","FIRST": "Burl285","LAST": "Tremblay80","SUFFIX": "","MAIDEN": "","MARITAL": "M","RACE": "white","ETHNICITY": "irish","GENDER": "M","BIRTHPLACE": "Chicopee  Massachusetts  US","ADDRESS": "1080 Lowe Green","CITY": "Somerville","STATE": "Massachusetts","ZIP": "02138"},{"ID": "701de8f3-6207-4ef7-b2c1-01afe1e0a63c","BIRTHDATE": "1993-01-25","DEATHDATE": "","SSN": "999-88-7952","DRIVERS": "S99955257","PASSPORT": "X38909124X","PREFIX": "Ms.","FIRST": "Sherlyn657","LAST": "Parisian75","SUFFIX": "","MAIDEN": "","MARITAL": "","RACE": "white","ETHNICITY": "irish","GENDER": "F","BIRTHPLACE": "Gill  Massachusetts  US","ADDRESS": "1041 Bradtke Overpass Suite 65","CITY": "Williamstown","STATE": "Massachusetts","ZIP": "01267"},{"ID": "333897a2-1fb1-43e2-8401-36c96e35c76d","BIRTHDATE": "2004-12-11","DEATHDATE": "","SSN": "999-10-6297","DRIVERS": "","PASSPORT": "","PREFIX": "","FIRST": "Eilene124","LAST": "Marquardt819","SUFFIX": "","MAIDEN": "","MARITAL": "","RACE": "asian","ETHNICITY": "asian_indian","GENDER": "F","BIRTHPLACE": "Easton  Massachusetts  US","ADDRESS": "399 Langosh Tunnel","CITY": "Chelmsford","STATE": "Massachusetts","ZIP": "01824"},{"ID": "be861ed0-39b3-4cd7-8b75-c56a62894868","BIRTHDATE": "1946-03-07","DEATHDATE": "","SSN": "999-41-2085","DRIVERS": "S99998480","PASSPORT": "X44238962X","PREFIX": "Mr.","FIRST": "Horacio317","LAST": "Wiza601","SUFFIX": "","MAIDEN": "","MARITAL": "M","RACE": "white","ETHNICITY": "irish","GENDER": "M","BIRTHPLACE": "Granville  Massachusetts  US","ADDRESS": "205 Rutherford Hollow","CITY": "Medfield","STATE": "Massachusetts","ZIP": "02052"},{"ID": "168af060-3b88-40f9-bdda-1bb34d9a30bd","BIRTHDATE": "2010-05-09","DEATHDATE": "","SSN": "999-21-1315","DRIVERS": "","PASSPORT": "","PREFIX": "","FIRST": "Kenneth671","LAST": "Donnelly343","SUFFIX": "","MAIDEN": "","MARITAL": "","RACE": "white","ETHNICITY": "french_canadian","GENDER": "M","BIRTHPLACE": "Lunenburg  Massachusetts  US","ADDRESS": "913 Wiza Ranch Suite 76","CITY": "Lunenburg","STATE": "Massachusetts","ZIP": "01462"},{"ID": "5f522efa-c1a4-415a-8215-a35e9f5a2d1d","BIRTHDATE": "1965-03-15","DEATHDATE": "","SSN": "999-69-8293","DRIVERS": "S99991406","PASSPORT": "X62366528X","PREFIX": "Mr.","FIRST": "Jody426","LAST": "Graham902","SUFFIX": "","MAIDEN": "","MARITAL": "M","RACE": "hispanic","ETHNICITY": "mexican","GENDER": "M","BIRTHPLACE": "Medford  Massachusetts  US","ADDRESS": "509 Prohaska Road Suite 37","CITY": "Andover","STATE": "Massachusetts","ZIP": "01810"},{"ID": "d734285e-772d-4cc6-840d-2e9454d43579","BIRTHDATE": "1951-12-25","DEATHDATE": "2005-01-11","SSN": "999-43-3582","DRIVERS": "S99981205","PASSPORT": "X89842768X","PREFIX": "Mr.","FIRST": "Trey250","LAST": "Gottlieb798","SUFFIX": "","MAIDEN": "","MARITAL": "M","RACE": "white","ETHNICITY": "italian","GENDER": "M","BIRTHPLACE": "Winchendon  Massachusetts  US","ADDRESS": "660 Conn Loaf Unit 89","CITY": "Fall River","STATE": "Massachusetts","ZIP": "02720"},{"ID": "ca7e30f4-b186-4320-b8d7-6a99d44a5817","BIRTHDATE": "1989-12-29","DEATHDATE": "","SSN": "999-29-3088","DRIVERS": "S99943776","PASSPORT": "X20402365X","PREFIX": "Mr.","FIRST": "Enrique929","LAST": "Legros616","SUFFIX": "","MAIDEN": "","MARITAL": "M","RACE": "hispanic","ETHNICITY": "puerto_rican","GENDER": "M","BIRTHPLACE": "Ludlow  Massachusetts  US","ADDRESS": "389 Huel Avenue","CITY": "Westfield","STATE": "Massachusetts","ZIP": "01085"},{"ID": "d3871315-7fd5-489f-9645-15e61cd46697","BIRTHDATE": "1997-05-06","DEATHDATE": "","SSN": "999-34-3869","DRIVERS": "S99941471","PASSPORT": "X83788975X","PREFIX": "Ms.","FIRST": "Concepción765","LAST": "Vigil207","SUFFIX": "","MAIDEN": "","MARITAL": "","RACE": "hispanic","ETHNICITY": "puerto_rican","GENDER": "F","BIRTHPLACE": "Caguas  Puerto Rico  PR","ADDRESS": "334 Nicolas Heights","CITY": "Boston","STATE": "Massachusetts","ZIP": "02108"},{"ID": "fc7a984e-01f6-43cf-aa40-e2848c1d2754","BIRTHDATE": "1952-04-07","DEATHDATE": "","SSN": "999-47-8155","DRIVERS": "S99947730","PASSPORT": "X68925865X","PREFIX": "Mrs.","FIRST": "Tori754","LAST": "VonRueden376","SUFFIX": "","MAIDEN": "Kirlin939","MARITAL": "M","RACE": "white","ETHNICITY": "german","GENDER": "F","BIRTHPLACE": "Spencer  Massachusetts  US","ADDRESS": "447 Stokes Grove","CITY": "Norton","STATE": "Massachusetts","ZIP": "02766"},{"ID": "cd94ec8b-a0cf-4be7-846a-b9cf205e4f24","BIRTHDATE": "1984-11-23","DEATHDATE": "","SSN": "999-91-9017","DRIVERS": "S99915382","PASSPORT": "X83783573X","PREFIX": "Mr.","FIRST": "Judson999","LAST": "Daugherty69","SUFFIX": "","MAIDEN": "","MARITAL": "M","RACE": "white","ETHNICITY": "german","GENDER": "M","BIRTHPLACE": "Westwood  Massachusetts  US","ADDRESS": "871 Ebert Skyway","CITY": "Littleton","STATE": "Massachusetts","ZIP": "01460"},{"ID": "05222a87-3106-4e6e-979b-f5732c2c962e","BIRTHDATE": "1963-10-26","DEATHDATE": "2007-07-07","SSN": "999-48-1314","DRIVERS": "S99993393","PASSPORT": "X83295801X","PREFIX": "Mr.","FIRST": "Burl285","LAST": "Upton904","SUFFIX": "","MAIDEN": "","MARITAL": "M","RACE": "white","ETHNICITY": "italian","GENDER": "M","BIRTHPLACE": "Springfield  Massachusetts  US","ADDRESS": "721 Huel Way Unit 12","CITY": "Falmouth","STATE": "Massachusetts","ZIP": "02540"},{"ID": "aa25cd5c-92f9-48ee-b563-7de02c404c13","BIRTHDATE": "1954-01-18","DEATHDATE": "","SSN": "999-44-9830","DRIVERS": "S99955132","PASSPORT": "X78970555X","PREFIX": "Mr.","FIRST": "Dee580","LAST": "White193","SUFFIX": "","MAIDEN": "","MARITAL": "M","RACE": "white","ETHNICITY": "russian","GENDER": "M","BIRTHPLACE": "Boston  Massachusetts  US","ADDRESS": "916 Jones Village Unit 55","CITY": "Boston","STATE": "Massachusetts","ZIP": "02108"},{"ID": "b4e9cc9a-6057-46ca-a647-c217ebbca6ee","BIRTHDATE": "1964-01-22","DEATHDATE": "","SSN": "999-80-5129","DRIVERS": "S99920712","PASSPORT": "X3444681X","PREFIX": "Mr.","FIRST": "Jorge203","LAST": "Amador986","SUFFIX": "","MAIDEN": "","MARITAL": "M","RACE": "hispanic","ETHNICITY": "puerto_rican","GENDER": "M","BIRTHPLACE": "Caguas  Puerto Rico  PR","ADDRESS": "838 Borer Road Suite 59","CITY": "Boston","STATE": "Massachusetts","ZIP": "02108"},{"ID": "02e04306-6dc6-4a93-85bd-40a18eb15d28","BIRTHDATE": "1963-10-26","DEATHDATE": "","SSN": "999-75-7299","DRIVERS": "S99998950","PASSPORT": "X75896505X","PREFIX": "Mr.","FIRST": "William805","LAST": "Runte676","SUFFIX": "","MAIDEN": "","MARITAL": "S","RACE": "white","ETHNICITY": "italian","GENDER": "M","BIRTHPLACE": "Fitchburg  Massachusetts  US","ADDRESS": "181 Hessel Bridge","CITY": "Falmouth","STATE": "Massachusetts","ZIP": "02540"},{"ID": "17e1a347-8e15-4f6c-bf9c-7d7b717cfc73","BIRTHDATE": "1951-12-25","DEATHDATE": "","SSN": "999-86-1581","DRIVERS": "S99957491","PASSPORT": "X31027011X","PREFIX": "Mr.","FIRST": "Toby274","LAST": "Buckridge80","SUFFIX": "","MAIDEN": "","MARITAL": "S","RACE": "white","ETHNICITY": "italian","GENDER": "M","BIRTHPLACE": "North Reading  Massachusetts  US","ADDRESS": "438 O'Reilly Lock Unit 83","CITY": "Fall River","STATE": "Massachusetts","ZIP": "02720"}]